{"cameraMode":{"drawMode":0,"name":"Shaded","section":"Shading Mode"},"sceneLighting":false,"audioPlay":false,"sceneViewState":{"m_AlwaysRefresh":false,"showFog":true,"showSkybox":false,"showFlares":true,"showImageEffects":true,"showParticleSystems":true,"showVisualEffectGraphs":true,"m_FxEnabled":true},"in2DMode":false,"pivot":{"x":0.15507841110229493,"y":1.8097906112670899,"z":10.215082168579102},"rotation":{"x":0.04750639200210571,"y":-0.6167978644371033,"z":0.03711017593741417,"w":0.7849458456039429},"size":10.940478324890137,"orthographic":false}