{"cameraMode":{"drawMode":0,"name":"Shaded","section":"Shading Mode"},"sceneLighting":true,"audioPlay":false,"sceneViewState":{"m_AlwaysRefresh":false,"showFog":true,"showSkybox":true,"showFlares":true,"showImageEffects":true,"showParticleSystems":true,"showVisualEffectGraphs":true,"m_FxEnabled":true},"in2DMode":false,"pivot":{"x":-1.1757030487060547,"y":-0.8065190315246582,"z":12.375601768493653},"rotation":{"x":-0.13802699744701386,"y":0.40501320362091067,"z":-0.06183122470974922,"w":-0.9018117785453796},"size":12.299089431762696,"orthographic":false}