{"cameraMode":{"drawMode":0,"name":"Shaded","section":"Shading Mode"},"sceneLighting":true,"audioPlay":false,"sceneViewState":{"m_AlwaysRefresh":false,"showFog":true,"showSkybox":true,"showFlares":true,"showImageEffects":true,"showParticleSystems":true,"showVisualEffectGraphs":true,"m_FxEnabled":true},"in2DMode":false,"pivot":{"x":722.4113159179688,"y":441.4585266113281,"z":523.5054931640625},"rotation":{"x":-0.004815095104277134,"y":0.03240862116217613,"z":-0.0000349232395819854,"w":-0.9995891451835632},"size":804.3921508789063,"orthographic":false}