{"cameraMode":{"drawMode":0,"name":"Shaded","section":"Shading Mode"},"sceneLighting":false,"audioPlay":false,"sceneViewState":{"m_AlwaysRefresh":false,"showFog":true,"showSkybox":false,"showFlares":true,"showImageEffects":true,"showParticleSystems":true,"showVisualEffectGraphs":true,"m_FxEnabled":true},"in2DMode":false,"pivot":{"x":-37.59700012207031,"y":-6.754000186920166,"z":14.123000144958496},"rotation":{"x":0.04529915750026703,"y":-0.01649441011250019,"z":0.0005380469374358654,"w":0.9989396333694458},"size":0.8466265201568604,"orthographic":false}