{"cameraMode":{"drawMode":0,"name":"Shaded","section":"Shading Mode"},"sceneLighting":false,"audioPlay":false,"sceneViewState":{"m_AlwaysRefresh":false,"showFog":true,"showSkybox":false,"showFlares":true,"showImageEffects":true,"showParticleSystems":true,"showVisualEffectGraphs":true,"m_FxEnabled":true},"in2DMode":false,"pivot":{"x":3.6500000953674318,"y":2.9300003051757814,"z":3.3499999046325685},"rotation":{"x":-0.030275288969278337,"y":0.0563669316470623,"z":-0.00150443019811064,"w":-0.9980660676956177},"size":5.559884071350098,"orthographic":false}